ID,SUS,EtOH,Weight,Diameter,Height,Volume,Density,Porosity,Shrinkage,Recovery,Modulus,A0,A1,t1,A2,t2,A3,t3,T
1,,,,,,,,,,,,,,,,,,,
2,,,,,,,,,,,,,,,,,,,
3,,,,,,,,,,,,,,,,,,,
4,,,,,,,,,,,,,,,,,,,
5,,,,,,,,,,,,,,,,,,,
6,,,,,,,,,,,,,,,,,,,
7,,,,,,,,,,,,,,,,,,,
8,,,,,,,,,,,,,,,,,,,
9,,,,,,,,,,,,,,,,,,,
10,,,,,,,,,,,,,,,,,,,
11,,,,,,,,,,,,,,,,,,,
12,,,,,,,,,,,,,,,,,,,
13,,,,,,,,,,,,,,,,,,,
14,,,,,,,,,,,,,,,,,,,
15,,,,,,,,,,,,,,,,,,,
16,,,,,,,,,,,,,,,,,,,
17,,,,,,,,,,,,,,,,,,,
18,,,,,,,,,,,,,,,,,,,
19,,,,,,,,,,,,,,,,,,,
20,,,,,,,,,,,,,,,,,,,
21,,,,,,,,,,,,,,,,,,,
22,,,,,,,,,,,,,,,,,,,
23,,,,,,,,,,,,,,,,,,,
24,,,,,,,,,,,,,,,,,,,
25,,,,,,,,,,,,,,,,,,,
26,,,,,,,,,,,,,,,,,,,
27,,,,,,,,,,,,,,,,,,,
28,,,,,,,,,,,,,,,,,,,
29,,,,,,,,,,,,,,,,,,,
30,,,,,,,,,,,,,,,,,,,
31,,,,,,,,,,,,,,,,,,,
32,,,,,,,,,,,,,,,,,,,
33,,,,,,,,,,,,,,,,,,,
34,,,,,,,,,,,,,,,,,,,
35,,,,,,,,,,,,,,,,,,,
36,,,,,,,,,,,,,,,,,,,
37,,,,,,,,,,,,,,,,,,,
38,,,,,,,,,,,,,,,,,,,
39,,,,,,,,,,,,,,,,,,,
40,,,,,,,,,,,,,,,,,,,